Workbook

Sheet Shuming
A1: Answer to Question | B1: version 1 accuracy | C1: v 1 Relevancy | D1: v 1 Fluency | E1: V 1 Total | F1: version 2 accuracy | G1: version 2 Relevancy | H1: version 2 Fluency | I1: Version 2 Total
A2: 1 | B2: 5 | C2: 4 | D2: 5 | E2: =SUM(B2:D2) -> 14 | F2: 5 | G2: 5 | H2: 5 | I2: =F2+G2+H2 -> 15
A3: 2 | B3: 3 | C3: 2 | D3: 5 | E3: =SUM(B3:D3) -> 10 | F3: 5 | G3: 5 | H3: 5 | I3: =F3+G3+H3 -> 15
A4: 3 | B4: 5 | C4: 2 | D4: 5 | E4: =SUM(B4:D4) -> 12 | F4: 5 | G4: 3 | H4: 5 | I4: =F4+G4+H4 -> 13
A5: 4 | B5: 5 | C5: 4 | D5: 5 | E5: =SUM(B5:D5) -> 14 | F5: 5 | G5: 5 | H5: 5 | I5: =F5+G5+H5 -> 15
A6: 5 | B6: 5 | C6: 5 | D6: 5 | E6: =SUM(B6:D6) -> 15 | F6: 5 | G6: 4 | H6: 5 | I6: =F6+G6+H6 -> 14
A7: 6 | B7: 5 | C7: 5 | D7: 5 | E7: =SUM(B7:D7) -> 15 | F7: 5 | G7: 5 | H7: 5 | I7: =F7+G7+H7 -> 15
A8: 7 | B8: 3 | C8: 0 | D8: 5 | E8: =SUM(B8:D8) -> 8 | F8: 5 | G8: 5 | H8: 5 | I8: =F8+G8+H8 -> 15
A9: 8 | B9: 3 | C9: 0 | D9: 5 | E9: =SUM(B9:D9) -> 8 | F9: 5 | G9: 5 | H9: 5 | I9: =F9+G9+H9 -> 15
A10: 9 | B10: 3 | C10: 0 | D10: 5 | E10: =SUM(B10:D10) -> 8 | F10: 5 | G10: 5 | H10: 5 | I10: =F10+G10+H10 -> 15
A11: 10 | B11: 5 | C11: 0 | D11: 5 | E11: =SUM(B11:D11) -> 10 | F11: 4 | G11: 5 | H11: 5 | I11: =F11+G11+H11 -> 14

Sheet JJ
A1: Answer to Question | B1: version 1 accuracy | C1: v 1 Relevancy | D1: v 1 Fluency | E1: V 1 Total | F1: version 2 accuracy | G1: version 2 Relevancy | H1: version 2 Fluency | I1: Version 2 Total
A2: 1 | B2: 4 | C2: 5 | D2: 4 | E2: =SUM(B2:D2) -> 13 | F2: 5 | G2: 5 | H2: 5 | I2: =SUM(F2:H2) -> 15
A3: 2 | B3: 3 | C3: 5 | D3: 3 | E3: =SUM(B3:D3) -> 11 | F3: 5 | G3: 5 | H3: 5 | I3: =SUM(F3:H3) -> 15
A4: 3 | B4: 5 | C4: 4 | D4: 5 | E4: =SUM(B4:D4) -> 14 | F4: 5 | G4: 5 | H4: 5 | I4: =SUM(F4:H4) -> 15
A5: 4 | B5: 5 | C5: 3 | D5: 5 | E5: =SUM(B5:D5) -> 13 | F5: 5 | G5: 5 | H5: 5 | I5: =SUM(F5:H5) -> 15
A6: 5 | B6: 5 | C6: 5 | D6: 5 | E6: =SUM(B6:D6) -> 15 | F6: 5 | G6: 5 | H6: 5 | I6: =SUM(F6:H6) -> 15
A7: 6 | B7: 4 | C7: 4 | D7: 5 | E7: =SUM(B7:D7) -> 13 | F7: 5 | G7: 5 | H7: 5 | I7: =SUM(F7:H7) -> 15
A8: 7 | B8: 0 | C8: 1 | D8: 1 | E8: =SUM(B8:D8) -> 2 | F8: 5 | G8: 5 | H8: 5 | I8: =SUM(F8:H8) -> 15
A9: 8 | B9: 0 | C9: 1 | D9: 1 | E9: =SUM(B9:D9) -> 2 | F9: 5 | G9: 5 | H9: 5 | I9: =SUM(F9:H9) -> 15
A10: 9 | B10: 0 | C10: 1 | D10: 1 | E10: =SUM(B10:D10) -> 2 | F10: 5 | G10: 5 | H10: 5 | I10: =SUM(F10:H10) -> 15
A11: 10 | B11: 3 | C11: 4 | D11: 4 | E11: =SUM(B11:D11) -> 11 | F11: 4 | G11: 4 | H11: 5 | I11: =SUM(F11:H11) -> 13

Sheet sum
A1: No. | B1: Question | C1: RAG_used | D1: Accuracy | E1: Relevancy | F1: Fluency | G1: Overall | H1: Cos_similarity | I1: Retrieval_Time(s)
A2: 1 | B2: What are adaptive designs for medical device clinical study | C2: No | D2: =AVERAGE(Shuming!J2,JJ!B2) -> 4 | E2: =AVERAGE(Shuming!K2,JJ!C2) -> 5 | F2: =AVERAGE(Shuming!L2,JJ!D2) -> 4 | G2: =AVERAGE(Shuming!M2,JJ!E2) -> 13 | H2: 0.25 | I2: 0.237
A3: 1 | B3: What are adaptive designs for medical device clinical study | C3: Yes | D3: =AVERAGE(Shuming!N2,JJ!F2) -> 5 | E3: =AVERAGE(Shuming!O2,JJ!G2) -> 5 | F3: =AVERAGE(Shuming!P2,JJ!H2) -> 5 | G3: =AVERAGE(Shuming!Q2,JJ!I2) -> 15 | H3: 0.859 | I3: 2.27
A4: 2 | B4: How treatment policy strategy is used for Addressing Intercurrent Events when Defining the Clinical Question of Interest | C4: No | D4: =AVERAGE(Shuming!J3,JJ!B3) -> 3 | E4: =AVERAGE(Shuming!K3,JJ!C3) -> 5 | F4: =AVERAGE(Shuming!L3,JJ!D3) -> 3 | G4: =AVERAGE(Shuming!M3,JJ!E3) -> 11 | H4: 0.411 | I4: 0.148
A5: 2 | B5: How treatment policy strategy is used for Addressing Intercurrent Events when Defining the Clinical Question of Interest | C5: Yes | D5: =AVERAGE(Shuming!N3,JJ!F3) -> 5 | E5: =AVERAGE(Shuming!O3,JJ!G3) -> 5 | F5: =AVERAGE(Shuming!P3,JJ!H3) -> 5 | G5: =AVERAGE(Shuming!Q3,JJ!I3) -> 15 | H5: 0.578 | I5: 2.611
A6: 3 | B6: What is a predictive distribution? | C6: No | D6: =AVERAGE(Shuming!J4,JJ!B4) -> 5 | E6: =AVERAGE(Shuming!K4,JJ!C4) -> 4 | F6: =AVERAGE(Shuming!L4,JJ!D4) -> 5 | G6: =AVERAGE(Shuming!M4,JJ!E4) -> 14 | H6: 0.163 | I6: 0.162
A7: 3 | B7: What is a predictive distribution? | C7: Yes | D7: =AVERAGE(Shuming!N4,JJ!F4) -> 5 | E7: =AVERAGE(Shuming!O4,JJ!G4) -> 5 | F7: =AVERAGE(Shuming!P4,JJ!H4) -> 5 | G7: =AVERAGE(Shuming!Q4,JJ!I4) -> 15 | H7: 0.956 | I7: 2.522
A8: 4 | B8: What is exchangeability? | C8: No | D8: =AVERAGE(Shuming!J5,JJ!B5) -> 5 | E8: =AVERAGE(Shuming!K5,JJ!C5) -> 3 | F8: =AVERAGE(Shuming!L5,JJ!D5) -> 5 | G8: =AVERAGE(Shuming!M5,JJ!E5) -> 13 | H8: 0.231 | I8: 0.137
A9: 4 | B9: What is exchangeability? | C9: Yes | D9: =AVERAGE(Shuming!N5,JJ!F5) -> 5 | E9: =AVERAGE(Shuming!O5,JJ!G5) -> 5 | F9: =AVERAGE(Shuming!P5,JJ!H5) -> 5 | G9: =AVERAGE(Shuming!Q5,JJ!I5) -> 15 | H9: 0.936 | I9: 3.233
A10: 5 | B10: How to determine the sample size when using Bayesian method for a clinical trial: | C10: No | D10: =AVERAGE(Shuming!J6,JJ!B6) -> 5 | E10: =AVERAGE(Shuming!K6,JJ!C6) -> 5 | F10: =AVERAGE(Shuming!L6,JJ!D6) -> 5 | G10: =AVERAGE(Shuming!M6,JJ!E6) -> 15 | H10: 0.301 | I10: 0.198
A11: 5 | B11: How to determine the sample size when using Bayesian method for a clinical trial: | C11: Yes | D11: =AVERAGE(Shuming!N6,JJ!F6) -> 5 | E11: =AVERAGE(Shuming!O6,JJ!G6) -> 5 | F11: =AVERAGE(Shuming!P6,JJ!H6) -> 5 | G11: =AVERAGE(Shuming!Q6,JJ!I6) -> 15 | H11: 0.853 | I11: 2.573
A12: 6 | B12: What are Noninferiority Trials | C12: No | D12: =AVERAGE(Shuming!J7,JJ!B7) -> 4 | E12: =AVERAGE(Shuming!K7,JJ!C7) -> 4 | F12: =AVERAGE(Shuming!L7,JJ!D7) -> 5 | G12: =AVERAGE(Shuming!M7,JJ!E7) -> 13 | H12: 0.317 | I12: 0.18
A13: 6 | B13: What are Noninferiority Trials | C13: Yes | D13: =AVERAGE(Shuming!N7,JJ!F7) -> 5 | E13: =AVERAGE(Shuming!O7,JJ!G7) -> 5 | F13: =AVERAGE(Shuming!P7,JJ!H7) -> 5 | G13: =AVERAGE(Shuming!Q7,JJ!I7) -> 15 | H13: 0.683 | I13: 3.166
A14: 7 | B14: What are the methods for the calculation of the between subject coefficient of variation as stated in SOP- BMD-4002? | C14: No | D14: =AVERAGE(Shuming!J8,JJ!B8) -> 0 | E14: =AVERAGE(Shuming!K8,JJ!C8) -> 1 | F14: =AVERAGE(Shuming!L8,JJ!D8) -> 1 | G14: =AVERAGE(Shuming!M8,JJ!E8) -> 2 | H14: 0.32 | I14: 0.158
A15: 7 | B15: What are the methods for the calculation of the between subject coefficient of variation as stated in SOP- BMD-4002? | C15: Yes | D15: =AVERAGE(Shuming!N8,JJ!F8) -> 5 | E15: =AVERAGE(Shuming!O8,JJ!G8) -> 5 | F15: =AVERAGE(Shuming!P8,JJ!H8) -> 5 | G15: =AVERAGE(Shuming!Q8,JJ!I8) -> 15 | H15: 0.926 | I15: 2.676
A16: 8 | B16: What level of precision of PK Parameters from WinNonlin is needed for PK reporting? | C16: No | D16: =AVERAGE(Shuming!J9,JJ!B9) -> 0 | E16: =AVERAGE(Shuming!K9,JJ!C9) -> 1 | F16: =AVERAGE(Shuming!L9,JJ!D9) -> 1 | G16: =AVERAGE(Shuming!M9,JJ!E9) -> 2 | H16: 0.265 | I16: 0.152
A17: 8 | B17: What level of precision of PK Parameters from WinNonlin is needed for PK reporting? | C17: Yes | D17: =AVERAGE(Shuming!N9,JJ!F9) -> 5 | E17: =AVERAGE(Shuming!O9,JJ!G9) -> 5 | F17: =AVERAGE(Shuming!P9,JJ!H9) -> 5 | G17: =AVERAGE(Shuming!Q9,JJ!I9) -> 15 | H17: 0.87 | I17: 1.918
A18: 9 | B18: List Non-numeric PK Concentration values and their meaning | C18: No | D18: =AVERAGE(Shuming!J10,JJ!B10) -> 0 | E18: =AVERAGE(Shuming!K10,JJ!C10) -> 1 | F18: =AVERAGE(Shuming!L10,JJ!D10) -> 1 | G18: =AVERAGE(Shuming!M10,JJ!E10) -> 2 | H18: 0.124 | I18: 0.15
A19: 9 | B19: List Non-numeric PK Concentration values and their meaning | C19: Yes | D19: =AVERAGE(Shuming!N10,JJ!F10) -> 5 | E19: =AVERAGE(Shuming!O10,JJ!G10) -> 5 | F19: =AVERAGE(Shuming!P10,JJ!H10) -> 5 | G19: =AVERAGE(Shuming!Q10,JJ!I10) -> 15 | H19: 0.932 | I19: 1.188
A20: 10 | B20: What are the Trial Master File content and responsible role related to required documentation for randomization process? | C20: No | D20: =AVERAGE(Shuming!J11,JJ!B11) -> 3 | E20: =AVERAGE(Shuming!K11,JJ!C11) -> 4 | F20: =AVERAGE(Shuming!L11,JJ!D11) -> 4 | G20: =AVERAGE(Shuming!M11,JJ!E11) -> 11 | H20: 0.262 | I20: 0.193
A21: 10 | B21: What are the Trial Master File content and responsible role related to required documentation for randomization process? | C21: Yes | D21: =AVERAGE(Shuming!N11,JJ!F11) -> 4 | E21: =AVERAGE(Shuming!O11,JJ!G11) -> 4 | F21: =AVERAGE(Shuming!P11,JJ!H11) -> 5 | G21: =AVERAGE(Shuming!Q11,JJ!I11) -> 13 | H21: 0.82 | I21: 4.03
